{"cameraMode":{"drawMode":0,"name":"Shaded","section":"Shading Mode"},"sceneLighting":true,"audioPlay":false,"sceneViewState":{"m_AlwaysRefresh":false,"showFog":true,"showSkybox":true,"showFlares":true,"showImageEffects":true,"showParticleSystems":true,"showVisualEffectGraphs":true,"m_FxEnabled":true},"in2DMode":false,"pivot":{"x":1.3557192087173463,"y":0.431637167930603,"z":-0.36017125844955447},"rotation":{"x":-0.029825562611222268,"y":0.9651908874511719,"z":-0.12698139250278474,"w":-0.22670488059520722},"size":3.036283493041992,"orthographic":false}